2;pvt.cppan.demo.boost;3;0
3;pvt.cppan.demo.boost.numeric;1;0
5;pvt.cppan.demo.boost.algorithm;1;0
6;pvt.cppan.demo.boost.align;1;0
7;pvt.cppan.demo.boost.any;1;0
8;pvt.cppan.demo.boost.array;1;0
9;pvt.cppan.demo.boost.asio;1;0
10;pvt.cppan.demo.boost.assert;1;0
11;pvt.cppan.demo.boost.assign;1;0
12;pvt.cppan.demo.boost.atomic;1;0
13;pvt.cppan.demo.boost.bind;1;0
14;pvt.cppan.demo.boost.chrono;1;0
15;pvt.cppan.demo.boost.config;1;0
16;pvt.cppan.demo.boost.container;1;0
17;pvt.cppan.demo.boost.context;1;0
18;pvt.cppan.demo.boost.core;1;0
19;pvt.cppan.demo.boost.coroutine;1;0
20;pvt.cppan.demo.boost.date_time;1;0
21;pvt.cppan.demo.boost.detail;1;0
22;pvt.cppan.demo.boost.dynamic_bitset;1;0
23;pvt.cppan.demo.boost.exception;1;0
24;pvt.cppan.demo.boost.filesystem;1;0
25;pvt.cppan.demo.boost.foreach;1;0
26;pvt.cppan.demo.boost.format;1;0
27;pvt.cppan.demo.boost.function;1;0
28;pvt.cppan.demo.boost.function_types;1;0
29;pvt.cppan.demo.boost.functional;1;0
30;pvt.cppan.demo.boost.fusion;1;0
31;pvt.cppan.demo.boost.graph;1;0
32;pvt.cppan.demo.boost.integer;1;0
33;pvt.cppan.demo.boost.intrusive;1;0
34;pvt.cppan.demo.boost.io;1;0
35;pvt.cppan.demo.boost.iostreams;1;0
36;pvt.cppan.demo.boost.iterator;1;0
37;pvt.cppan.demo.boost.lexical_cast;1;0
38;pvt.cppan.demo.boost.locale;1;0
39;pvt.cppan.demo.boost.log;1;0
40;pvt.cppan.demo.boost.math;1;0
41;pvt.cppan.demo.boost.move;1;0
42;pvt.cppan.demo.boost.mpi;1;0
43;pvt.cppan.demo.boost.mpl;1;0
44;pvt.cppan.demo.boost.multi_index;1;0
45;pvt.cppan.demo.boost.optional;1;0
46;pvt.cppan.demo.boost.parameter;1;0
47;pvt.cppan.demo.boost.phoenix;1;0
48;pvt.cppan.demo.boost.pool;1;0
49;pvt.cppan.demo.boost.predef;1;0
50;pvt.cppan.demo.boost.preprocessor;1;0
51;pvt.cppan.demo.boost.program_options;1;0
52;pvt.cppan.demo.boost.property_map;1;0
53;pvt.cppan.demo.boost.property_tree;1;0
54;pvt.cppan.demo.boost.proto;1;0
55;pvt.cppan.demo.boost.python;1;0
56;pvt.cppan.demo.boost.random;1;0
57;pvt.cppan.demo.boost.range;1;0
58;pvt.cppan.demo.boost.ratio;1;0
59;pvt.cppan.demo.boost.regex;1;0
60;pvt.cppan.demo.boost.serialization;1;0
61;pvt.cppan.demo.boost.signals;1;0
62;pvt.cppan.demo.boost.smart_ptr;1;0
63;pvt.cppan.demo.boost.spirit;1;0
64;pvt.cppan.demo.boost.static_assert;1;0
65;pvt.cppan.demo.boost.system;1;0
66;pvt.cppan.demo.boost.test;1;0
67;pvt.cppan.demo.boost.thread;1;0
68;pvt.cppan.demo.boost.throw_exception;1;0
69;pvt.cppan.demo.boost.timer;1;0
70;pvt.cppan.demo.boost.tokenizer;1;0
71;pvt.cppan.demo.boost.tuple;1;0
72;pvt.cppan.demo.boost.type_erasure;1;0
73;pvt.cppan.demo.boost.type_index;1;0
74;pvt.cppan.demo.boost.type_traits;1;0
75;pvt.cppan.demo.boost.typeof;1;0
76;pvt.cppan.demo.boost.unordered;1;0
77;pvt.cppan.demo.boost.utility;1;0
78;pvt.cppan.demo.boost.variant;1;0
79;pvt.cppan.demo.boost.wave;1;0
80;pvt.cppan.demo.boost.winapi;1;0
81;pvt.cppan.demo.boost.xpressive;1;0
82;pvt.cppan.demo.boost.hana;1;0
83;pvt.cppan.demo.boost.dll;1;0
84;pvt.cppan.demo.boost.coroutine2;1;0
88;pvt.cppan.demo.bzip2;1;0
89;pvt.cppan.demo.sqlite3;1;0
92;pvt.cppan.demo.mach7;1;0
94;pvt.cppan.demo.png;1;0
95;pvt.cppan.demo.gif;1;0
96;pvt.cppan.demo.jpeg;1;0
97;pvt.cppan.demo.tiff;1;0
98;pvt.cppan.demo.webp;1;0
104;pvt.cppan.demo.google.googletest;3;0
105;pvt.cppan.demo.google.googletest.gtest;1;0
106;pvt.cppan.demo.google.googletest.gtest_main;1;0
107;pvt.cppan.demo.google.googletest.gmock;1;0
108;pvt.cppan.demo.google.googletest.gmock_main;1;0
109;pvt.cppan.demo.google.highwayhash;3;0
110;pvt.cppan.demo.google.highwayhash.vector;1;0
111;pvt.cppan.demo.google.highwayhash.sip_hash;1;0
112;pvt.cppan.demo.google.highwayhash.sip_tree_hash;1;0
113;pvt.cppan.demo.google.highwayhash.scalar_sip_tree_hash;1;0
114;pvt.cppan.demo.google.highwayhash.highway_tree_hash;1;0
115;pvt.cppan.demo.google.highwayhash.scalar_highway_tree_hash;1;0
116;pvt.cppan.demo.google.protobuf;3;0
117;pvt.cppan.demo.google.protobuf.protobuf_lite;1;0
118;pvt.cppan.demo.google.protobuf.protobuf;1;0
119;pvt.cppan.demo.google.protobuf.protoc_lib;1;0
120;pvt.cppan.demo.google.protobuf.protoc;2;64
124;pvt.cppan.demo.rbock.sqlpp11;1;0
125;pvt.cppan.demo.rbock.sqlpp11_connector_sqlite3;1;0
126;pvt.cppan.demo.rbock.sqlpp11_connector_mysql;1;0
128;pvt.cppan.demo.matthijs.sqlpp11_connector_postgresql;1;0
130;pvt.cppan.demo.cmake.postgresql;1;0
131;pvt.cppan.demo.libressl;3;0
132;pvt.cppan.demo.libressl.crypto;1;0
133;pvt.cppan.demo.libressl.ssl;1;0
134;pvt.cppan.demo.libressl.tls;1;0
135;pvt.cppan.demo.boost_experimental;3;0
137;pvt.cppan.demo.boost_experimental.di;1;0
139;pvt.cppan.demo.boost_experimental.root_ptr;1;0
140;pvt.cppan.demo.boost.interval;1;0
142;pvt.cppan.demo.moderngpu;1;0
143;pvt.cppan.demo.boost_experimental.sort_parallel;1;0
144;pvt.cppan.demo.libuv;1;0
145;pvt.cppan.demo.uwebsockets;1;0
147;pvt.cppan.demo.magic_get;1;0
151;pvt.cppan.demo.tick;1;0
152;pvt.cppan.demo.fmt;1;0
155;pvt.cppan.demo.functionalplus;1;0
160;pvt.cppan.demo.lz4;1;0
162;pvt.cppan.demo.google.re2;1;0
164;pvt.cppan.demo.apache.thrift;1;0
165;pvt.cppan.demo.boost.scope_exit;1;0
167;pvt.cppan.demo.apache.thrift_compiler;2;64
168;pvt.cppan.demo.google.snappy;1;0
171;pvt.cppan.demo.nanopb;1;0
176;pvt.cppan.demo.nlohmann.json;1;0
182;pvt.cppan.demo.howardhinnant.date;3;0
183;pvt.cppan.demo.howardhinnant.date.date;1;0
184;pvt.cppan.demo.howardhinnant.date.tz;1;0
185;pvt.cppan.demo.howardhinnant.date.iso_week;1;0
186;pvt.cppan.demo.howardhinnant.date.chrono_io;1;0
187;pvt.cppan.demo.howardhinnant.date.julian;1;0
188;pvt.cppan.demo.howardhinnant.date.islamic;1;0
189;pvt.cppan.demo.boost.vmd;1;0
190;pvt.cppan.demo.boost.compute;1;0
191;pvt.cppan.demo.boost.metaparse;1;0
192;pvt.cppan.demo.google.grpc;3;0
193;pvt.cppan.demo.google.grpc.gpr;1;0
194;pvt.cppan.demo.google.grpc.grpc;1;0
195;pvt.cppan.demo.google.grpc.grpc_unsecure;1;0
196;pvt.cppan.demo.google.grpc.grpcpp;1;0
197;pvt.cppan.demo.google.grpc.grpcpp_reflection;1;0
198;pvt.cppan.demo.google.grpc.grpcpp_unsecure;1;0
199;pvt.cppan.demo.google.grpc.grpc_cronet;1;0
200;pvt.cppan.demo.google.grpc.grpc_plugin_support;1;0
201;pvt.cppan.demo.google.grpc.grpc_csharp_ext;1;0
202;pvt.cppan.demo.google.grpc.grpc_cpp_plugin;2;64
203;pvt.cppan.demo.google.grpc.grpc_csharp_plugin;2;64
204;pvt.cppan.demo.google.grpc.grpc_node_plugin;2;64
205;pvt.cppan.demo.google.grpc.grpc_objective_c_plugin;2;64
206;pvt.cppan.demo.google.grpc.grpc_python_plugin;2;64
207;pvt.cppan.demo.google.grpc.grpc_ruby_plugin;2;64
209;pvt.cppan.demo.gabime.spdlog;1;0
211;pvt.cppan.demo.kjellkod.g3log;1;0
213;pvt.cppan.demo.mattiasflodin.reckless;1;0
215;pvt.cppan.demo.claasbontus.bitset2;1;0
218;pvt.cppan.demo.vinniefalco.beast;1;0
219;pvt.cppan.demo.kfr;1;0
221;pvt.cppan.demo.boost.accumulators;1;0
222;pvt.cppan.demo.boost.concept_check;1;0
223;pvt.cppan.demo.boost.circular_buffer;1;0
224;pvt.cppan.demo.boost.bimap;1;0
225;pvt.cppan.demo.boost.conversion;1;0
226;pvt.cppan.demo.boost.convert;1;0
227;pvt.cppan.demo.boost.crc;1;0
228;pvt.cppan.demo.boost.rational;1;0
229;pvt.cppan.demo.boost.compatibility;1;0
230;pvt.cppan.demo.boost.disjoint_sets;1;0
231;pvt.cppan.demo.boost.geometry;1;0
232;pvt.cppan.demo.boost.endian;1;0
233;pvt.cppan.demo.boost.flyweight;1;0
234;pvt.cppan.demo.boost.interprocess;1;0
235;pvt.cppan.demo.boost.graph_parallel;1;0
236;pvt.cppan.demo.boost.heap;1;0
237;pvt.cppan.demo.boost.gil;1;0
238;pvt.cppan.demo.boost.log_setup;1;0
239;pvt.cppan.demo.boost.logic;1;0
240;pvt.cppan.demo.boost.local_function;1;0
241;pvt.cppan.demo.boost.multi_array;1;0
242;pvt.cppan.demo.boost.odeint;1;0
243;pvt.cppan.demo.boost.polygon;1;0
244;pvt.cppan.demo.boost.icl;1;0
247;pvt.cppan.demo.boost.ptr_container;1;0
249;pvt.cppan.demo.boost.lockfree;1;0
250;pvt.cppan.demo.boost.lambda;1;0
252;pvt.cppan.demo.boost.sort;1;0
253;pvt.cppan.demo.boost.uuid;1;0
254;pvt.cppan.demo.boost.ublas;1;0
255;pvt.cppan.demo.boost.multiprecision;1;0
256;pvt.cppan.demo.boost.tti;1;0
257;pvt.cppan.demo.boost.statechart;1;0
258;pvt.cppan.demo.boost.signals2;1;0
259;pvt.cppan.demo.boost.tr1;1;0
260;pvt.cppan.demo.boost.units;1;0
261;pvt.cppan.demo.boost.msm;1;0
263;pvt.cppan.demo.re2c;3;0
264;pvt.cppan.demo.re2c.libre2c;1;0
265;pvt.cppan.demo.re2c.re2c;2;64
266;pvt.cppan.demo.boost_experimental.http;1;0
268;pvt.cppan.demo.tessil.hopscotch_map;1;0
272;pvt.cppan.demo.intel.opencv;3;0
273;pvt.cppan.demo.intel.opencv.core;1;0
274;pvt.cppan.demo.ragel;2;64
277;pvt.cppan.mfl1;1;0
278;pvt.cppan.mfl2;1;0
279;pvt.cppan.demo.lua;1;0
280;pvt.cppan.demo.boost_experimental.afio;1;0
282;pvt.cppan.demo.openjpeg.openjp2;1;0
283;pvt.cppan.demo.tinyxml;1;0
285;pvt.cppan.demo.superv1234.ecst;1;0
286;pvt.cppan.demo.superv1234.vrm;3;0
287;pvt.cppan.demo.superv1234.vrm.pp;1;0
288;pvt.cppan.demo.superv1234.vrm.core;1;0
291;pvt.cppan.demo.electronicarts.eastl;1;0
292;pvt.cppan.demo.electronicarts.eaassert;1;0
293;pvt.cppan.demo.electronicarts.eabase;1;0
294;pvt.cppan.demo.electronicarts.eastdc;1;0
296;pvt.cppan.demo.xiph.libogg;1;0
297;pvt.cppan.demo.cmake.opengl;1;0
298;pvt.cppan.demo.glew;1;0
301;pvt.cppan.demo.xiph.vorbis;3;0
302;pvt.cppan.demo.xiph.vorbis.libvorbis;1;0
303;pvt.cppan.demo.xiph.vorbis.vorbisfile;1;0
305;pvt.cppan.demo.karimnaaji.quickhull_3d;1;0
306;pvt.cppan.demo.glm;1;0
308;pvt.cppan.demo.weidai11.cryptopp;1;0
309;pvt.cppan.demo.portaudio;1;0
311;pvt.cppan.demo.coding3d.small3d;1;0
314;pvt.cppan.demo.xiph.flac;3;0
315;pvt.cppan.demo.xiph.flac.libflac;1;0
316;pvt.cppan.demo.xiph.flac.libflacpp;1;0
318;pvt.cppan.demo.kcat.openal;1;0
319;pvt.cppan.demo.freetype;1;0
327;pvt.cppan.demo.sfml;3;0
328;pvt.cppan.demo.sfml.system;1;0
329;pvt.cppan.demo.sfml.window;1;0
330;pvt.cppan.demo.sfml.graphics;1;0
331;pvt.cppan.demo.sfml.audio;1;0
332;pvt.cppan.demo.sfml.network;1;0
333;pvt.cppan.demo.stb;3;0
334;pvt.cppan.demo.stb.image;1;0
335;pvt.cppan.demo.stb.image_write;1;0
339;pvt.cppan.demo.valve.sdl;3;0
340;pvt.cppan.demo.valve.sdl.sdl;1;0
341;pvt.cppan.demo.valve.sdl.sdlmain;1;0
342;pvt.cppan.demo.valve.sdl_ttf;1;0
343;pvt.coding3d.small3d;1;0
345;pvt.cppan.demo.foonathan.debug_assert;1;0
346;pvt.cppan.demo.foonathan.memory;1;0
348;pvt.cppan.demo.progschj.threadpool;1;0
353;pvt.cppan.demo.gnu.iconv;3;0
354;pvt.cppan.demo.gnu.iconv.libcharset;1;0
355;pvt.cppan.demo.gnu.iconv.libiconv;1;0
356;pvt.cppan.demo.libxml2;1;0
358;pvt.cppan.demo.xslt;3;0
359;pvt.cppan.demo.xslt.libxslt;1;0
360;pvt.cppan.demo.xslt.libexslt;1;0
362;pvt.cppan.demo.google.etc2comp;3;0
363;pvt.cppan.demo.google.etc2comp.etc2lib;1;0
367;pvt.cppan.demo.gnu.readline;3;0
368;pvt.cppan.demo.gnu.readline.history;1;0
369;pvt.cppan.demo.gnu.readline.readline;1;0
371;pvt.cppan.demo.tronkko.dirent;1;0
372;pvt.cppan.demo.gnu.gettext;3;0
373;pvt.cppan.demo.gnu.gettext.intl;1;0
374;pvt.cppan.demo.expat;1;0
376;pvt.cppan.demo.zaphoyd.websocketpp;1;0
378;pvt.cppan.demo.libtom.libtommath;1;0
380;pvt.cppan.demo.ace;3;0
381;pvt.cppan.demo.ace.wrappers;1;0
383;pvt.cppan.demo.eigen;1;0
385;pvt.cppan.demo.ninetainedo.sery;1;0
387;pvt.cppan.demo.reactive_extensions.rxcpp;1;0
388;pvt.cppan.demo.rapidxml;1;0
389;pvt.ninetainedo.sery;1;0
391;pvt.cppan.demo.ariya.fastlz;1;0
392;pvt.cppan.demo.libraw;1;0
393;pvt.cppan.demo.jxrlib;1;0
394;pvt.cppan.demo.openexr;3;0
398;pvt.cppan.demo.openexr.ilmbase.half;1;0
399;pvt.cppan.demo.openexr.ilmbase.iex;1;0
400;pvt.cppan.demo.openexr.ilmbase.iexmath;1;0
402;pvt.cppan.demo.onqtam.doctest;1;0
403;pvt.cppan.demo.openexr.ilmbase.ilmthread;1;0
404;pvt.cppan.demo.openexr.ilmbase.imath;1;0
405;pvt.cppan.demo.openexr.ilmimf;1;0
406;pvt.cppan.demo.openexr.ilmimfutil;1;0
407;pvt.cppan.demo.openexr.ilmbase.elut;2;64
408;pvt.cppan.demo.openexr.ilmbase.tofloat;2;64
409;pvt.cppan.demo.openexr.ilmbase.config;1;0
410;pvt.cppan.demo.openexr.config;1;0
411;pvt.onqtam.doctest;1;0
412;pvt.cppan.demo.openexr.b44explogtable;2;64
413;pvt.cppan.demo.openexr.dwalookups;2;64
416;pvt.cppan.demo.freeimage;3;0
417;pvt.cppan.demo.freeimage.freeimage;1;0
418;pvt.cppan.demo.freeimage.freeimageplus;1;0
419;pvt.cppan.demo.poco;3;0
420;pvt.cppan.demo.poco.foundation;1;0
422;pvt.cppan.demo.pcre;3;0
424;pvt.cppan.demo.pcre.pcre16;1;0
425;pvt.cppan.demo.pcre.pcre32;1;0
426;pvt.cppan.demo.poco.zip;1;0
427;pvt.cppan.demo.poco.xml;1;0
428;pvt.cppan.demo.poco.util;1;0
429;pvt.cppan.demo.poco.json;1;0
430;pvt.cppan.demo.poco.net;1;0
431;pvt.cppan.demo.poco.crypto;1;0
432;pvt.cppan.demo.poco.netssl;1;0
433;pvt.cppan.demo.poco.data;1;0
434;pvt.cppan.demo.poco.sqlite;1;0
436;pvt.cppan.demo.apache.apr;3;0
437;pvt.cppan.demo.apache.apr.gen_test_char;2;64
438;pvt.cppan.demo.apache.apr.apr;1;0
440;pvt.cppan.demo.dobiasd.functionalplus;1;0
442;pvt.cppan.demo.hsutter.gcpp;1;0
444;pvt.cppan.demo.elbeno.constexpr;1;0
446;pvt.cppan.demo.chobolabs.shl;1;0
449;pvt.cppan.demo.amazon.aws.sdk;3;0
450;pvt.cppan.demo.amazon.aws.sdk.access_management;1;0
451;pvt.cppan.demo.amazon.aws.sdk.acm;1;0
452;pvt.cppan.demo.amazon.aws.sdk.apigateway;1;0
453;pvt.cppan.demo.amazon.aws.sdk.application_autoscaling;1;0
454;pvt.cppan.demo.amazon.aws.sdk.cloudformation;1;0
455;pvt.cppan.demo.amazon.aws.sdk.cloudfront;1;0
456;pvt.cppan.demo.amazon.aws.sdk.cloudhsm;1;0
457;pvt.cppan.demo.amazon.aws.sdk.cloudsearch;1;0
458;pvt.cppan.demo.amazon.aws.sdk.cloudsearchdomain;1;0
459;pvt.cppan.demo.amazon.aws.sdk.cloudtrail;1;0
460;pvt.cppan.demo.amazon.aws.sdk.codecommit;1;0
461;pvt.cppan.demo.amazon.aws.sdk.codedeploy;1;0
462;pvt.cppan.demo.amazon.aws.sdk.codepipeline;1;0
463;pvt.cppan.demo.amazon.aws.sdk.cognito_identity;1;0
464;pvt.cppan.demo.amazon.aws.sdk.cognito_idp;1;0
465;pvt.cppan.demo.amazon.aws.sdk.cognito_sync;1;0
466;pvt.cppan.demo.amazon.aws.sdk.config;1;0
467;pvt.cppan.demo.amazon.aws.sdk.core;1;0
469;pvt.cppan.demo.amazon.aws.sdk.datapipeline;1;0
470;pvt.cppan.demo.amazon.aws.sdk.devicefarm;1;0
471;pvt.cppan.demo.amazon.aws.sdk.directconnect;1;0
472;pvt.cppan.demo.amazon.aws.sdk.dms;1;0
473;pvt.cppan.demo.amazon.aws.sdk.ds;1;0
474;pvt.cppan.demo.amazon.aws.sdk.dynamodb;1;0
475;pvt.cppan.demo.amazon.aws.sdk.ec2;1;0
476;pvt.cppan.demo.amazon.aws.sdk.ecr;1;0
477;pvt.cppan.demo.amazon.aws.sdk.ecs;1;0
478;pvt.cppan.demo.amazon.aws.sdk.elasticache;1;0
479;pvt.cppan.demo.amazon.aws.sdk.elasticbeanstalk;1;0
480;pvt.cppan.demo.amazon.aws.sdk.elasticfilesystem;1;0
482;pvt.cppan.demo.amazon.aws.sdk.elasticloadbalancing;1;0
483;pvt.cppan.demo.amazon.aws.sdk.elasticloadbalancingv2;1;0
484;pvt.cppan.demo.amazon.aws.sdk.elasticmapreduce;1;0
485;pvt.cppan.demo.amazon.aws.sdk.elastictranscoder;1;0
486;pvt.cppan.demo.amazon.aws.sdk.email;1;0
487;pvt.cppan.demo.amazon.aws.sdk.es;1;0
488;pvt.cppan.demo.amazon.aws.sdk.events;1;0
489;pvt.cppan.demo.amazon.aws.sdk.firehose;1;0
490;pvt.cppan.demo.amazon.aws.sdk.gamelift;1;0
491;pvt.cppan.demo.amazon.aws.sdk.glacier;1;0
492;pvt.cppan.demo.amazon.aws.sdk.iam;1;0
493;pvt.cppan.demo.amazon.aws.sdk.identity_management;1;0
494;pvt.cppan.demo.amazon.aws.sdk.importexport;1;0
495;pvt.cppan.demo.amazon.aws.sdk.inspector;1;0
496;pvt.cppan.demo.amazon.aws.sdk.iot;1;0
497;pvt.cppan.demo.amazon.aws.sdk.kinesis;1;0
498;pvt.cppan.demo.amazon.aws.sdk.kinesisanalytics;1;0
499;pvt.cppan.demo.amazon.aws.sdk.kms;1;0
500;pvt.cppan.demo.amazon.aws.sdk.lambda;1;0
501;pvt.cppan.demo.amazon.aws.sdk.logs;1;0
502;pvt.cppan.demo.amazon.aws.sdk.machinelearning;1;0
503;pvt.cppan.demo.amazon.aws.sdk.marketplacecommerceanalytics;1;0
504;pvt.cppan.demo.amazon.aws.sdk.meteringmarketplace;1;0
505;pvt.cppan.demo.amazon.aws.sdk.mobileanalytics;1;0
506;pvt.cppan.demo.amazon.aws.sdk.monitoring;1;0
507;pvt.cppan.demo.amazon.aws.sdk.opsworks;1;0
508;pvt.cppan.demo.amazon.aws.sdk.queues;1;0
509;pvt.cppan.demo.amazon.aws.sdk.rds;1;0
510;pvt.cppan.demo.amazon.aws.sdk.redshift;1;0
511;pvt.cppan.demo.amazon.aws.sdk.route53;1;0
512;pvt.cppan.demo.amazon.aws.sdk.route53domains;1;0
513;pvt.cppan.demo.amazon.aws.sdk.s3;1;0
514;pvt.cppan.demo.amazon.aws.sdk.sdb;1;0
515;pvt.cppan.demo.amazon.aws.sdk.servicecatalog;1;0
516;pvt.cppan.demo.amazon.aws.sdk.snowball;1;0
517;pvt.cppan.demo.amazon.aws.sdk.sns;1;0
518;pvt.cppan.demo.amazon.aws.sdk.sqs;1;0
519;pvt.cppan.demo.amazon.aws.sdk.ssm;1;0
520;pvt.cppan.demo.amazon.aws.sdk.storagegateway;1;0
521;pvt.cppan.demo.amazon.aws.sdk.sts;1;0
522;pvt.cppan.demo.amazon.aws.sdk.support;1;0
523;pvt.cppan.demo.amazon.aws.sdk.swf;1;0
524;pvt.cppan.demo.amazon.aws.sdk.transfer;1;0
525;pvt.cppan.demo.amazon.aws.sdk.waf;1;0
526;pvt.cppan.demo.amazon.aws.sdk.workspaces;1;0
527;pvt.cppan.demo.boost.fiber;1;0
528;pvt.cppan.demo.boost.qvm;1;0
531;pvt.cppan.demo.greg7mdp.sparsepp;1;0
533;pvt.cppan.demo.rigtorp.hashmap;1;0
537;pvt.cppan.demo.asutton.origin;3;0
539;pvt.cppan.demo.asutton.origin.core;1;0
540;pvt.cppan.demo.asutton.origin.data;1;0
541;pvt.cppan.demo.asutton.origin.algorithm;1;0
542;pvt.cppan.demo.asutton.origin.iterator;1;0
543;pvt.cppan.demo.asutton.origin.memory;1;0
544;pvt.cppan.demo.asutton.origin.numeric;1;0
545;pvt.cppan.demo.asutton.origin.range;1;0
546;pvt.cppan.demo.asutton.origin.graph;1;0
547;pvt.cppan.demo.asutton.origin.math;1;0
549;pvt.cppan.demo.mmha.bibi;1;0
550;pvt.cppan.demo.amazon.aws.sdk.autoscaling;1;0
552;pvt.cppan.demo.ericniebler.meta;1;0
554;pvt.cppan.demo.minamiyama1994.ftmp;1;0
556;pvt.cppan.demo.sabel83.metatest;1;0
558;pvt.cppan.demo.facebook.fatal;1;0
559;pvt.cppan.demo.sabel83.mpllibs;1;0
560;pvt.cppan.demo.boost_experimental.synapse;1;0
562;pvt.cppan.demo.dtschump.cimg;1;0
564;pvt.cppan.demo.robinwb.bestjson;1;0
567;pvt.cppan.demo.valve.sdl_image;1;0
569;pvt.cppan.demo.dfalkcreative.ipl;1;0
570;pvt.cppan.demo.python;3;0
572;pvt.cppan.demo.python.lib;1;0
573;pvt.cppan.demo.python.exe;2;64
574;pvt.cppan.demo.boost_experimental.fixed_point;1;0
575;pvt.cppan.demo.python.libcompat;1;0
578;pvt.cppan.demo.klalumiere.staticconstructor;1;0
580;pvt.cppan.demo.haptork.easylambda;1;0
582;pvt.cppan.demo.eldiener.cxx_dual;1;0
584;pvt.cppan.demo.iyengar111.nanolog;1;0
586;pvt.cppan.demo.emilk.loguru;1;0
588;pvt.cppan.demo.rmartinho.nonius;1;0
590;pvt.cppan.demo.borisschaeling.boost_process;1;0
591;pvt.cppan.demo.google.double_conversion;1;0
593;pvt.cppan.demo.qicosmos.kapok;1;0
594;pvt.cppan.demo.qicosmos.rest_rpc;1;0
596;pvt.cppan.demo.inkooboo.thread_pool_cpp;1;0
597;pvt.cppan.demo.msgpack;1;0
598;pvt.cppan.demo.foonathan.type_safe;1;0
600;pvt.cppan.demo.pferdinand.pqmxx;1;0
603;pvt.cppan.demo.badair.yarma;1;0
604;pvt.cppan.demo.badair.callable_traits;1;0
606;pvt.cppan.demo.apolukhin.stacktrace;1;0
608;pvt.cppan.demo.microsoft.cppwinrt;1;0
610;pvt.cppan.demo.gentryx.libflatarray;1;0
612;pvt.cppan.demo.erenon.double_ended;1;0
614;pvt.cppan.demo.kayess.f5cord;1;0
616;pvt.cppan.demo.anthonyw.internal_ptr;1;0
618;pvt.cppan.demo.agl.jbig2;3;0
619;pvt.cppan.demo.agl.jbig2.jbig2enc;1;0
620;pvt.cppan.demo.agl.jbig2.jbig2;2;64
622;pvt.cppan.demo.klmr.named_operator;1;0
624;pvt.cppan.demo.tencent.libco;1;0
626;pvt.cppan.demo.nasm;3;0
628;pvt.cppan.demo.nasm.ndisasm;2;64
629;pvt.cppan.demo.nasm.nasm;2;64
632;pvt.cppan.demo.gracicot.kangaru;1;0
634;pvt.cppan.demo.i3ck.flaggedt;1;0
635;pvt.cppan.demo.jpeg_turbo;3;0
636;pvt.cppan.demo.jpeg_turbo.jpeg;1;0
637;pvt.cppan.demo.jpeg_turbo.turbojpeg;1;0
638;pvt.gracicot.kangaru;1;0
639;pvt.cppan.demo.boost_experimental.sml;1;0
640;pvt.cppan.demo.ericniebler.range_v3;1;0
641;pvt.cppan.demo.microsoft.range_v3_vs2015;1;0
643;pvt.cppan.demo.nholthaus.units;1;0
644;pvt.cppan.demo.microsoft.gsl;1;0
646;pvt.cppan.demo.fisherro.streams;1;0
648;pvt.cppan.demo.tfc.pprintpp;1;0
650;pvt.cppan.demo.ddinu.observable;1;0
652;pvt.cppan.demo.imneme.pcg_cpp;1;0
654;pvt.cppan.demo.martinmoene.gsl_lite;1;0
656;pvt.cppan.demo.viboes.gsl;1;0
658;pvt.cppan.demo.mbasaglia.melanolib;1;0
660;pvt.cppan.demo.vreverdy.bit;1;0
662;pvt.cppan.demo.jbandela.stackless_coroutine;1;0
664;pvt.cppan.demo.joaquintides.poly_collection;1;0
668;pvt.cppan.demo.irrequietus.typestring;1;0
670;pvt.cppan.demo.ramblingmadman.dbpp;1;0
672;pvt.cppan.demo.liancheng.amy;1;0
673;pvt.cppan.demo.tclap;1;0
675;pvt.cppan.demo.sailormoon.flags;1;0
677;pvt.cppan.demo.adishavit.argh;1;0
679;pvt.cppan.demo.stephane.libmodbus;1;0
681;pvt.cppan.demo.etlcpp.etl;1;0
683;pvt.cppan.demo.bolero_murakami.sprout;1;0
685;pvt.cppan.demo.hjiang.jsonxx;1;0
687;pvt.cppan.demo.cheedoong.xml2json;1;0
688;pvt.cppan.demo.openssl;3;0
689;pvt.cppan.demo.openssl.crypto;1;0
690;pvt.cppan.demo.openssl.ssl;1;0
691;pvt.cppan.demo.gnu.gss;1;0
692;pvt.cppan.demo.c_ares;1;0
693;pvt.cppan.demo.nghttp2;1;0
694;pvt.cppan.demo.libssh2;1;0
696;pvt.cppan.demo.badger.curl;3;0
697;pvt.cppan.demo.badger.curl.libcurl;1;0
698;pvt.cppan.demo.pcre.pcre;1;0
699;pvt.cppan.demo.pcre.pcreposix;1;0
702;pvt.cppan.demo.gnu.nettle;3;0
703;pvt.cppan.demo.gnu.nettle.nettle;1;0
704;pvt.cppan.demo.gnu.nettle.eccdata;2;64
706;pvt.cppan.demo.tcbrindle.cpp17_headers;1;0
708;pvt.cppan.demo.matt_42.iod;1;0
710;pvt.cppan.demo._7zip.lzma_sdk;1;0
711;pvt.cppan.demo.xz_utils;3;0
712;pvt.cppan.demo.xz_utils.lzma;1;0
713;pvt.cppan.demo.oberhumer.lzo;3;0
714;pvt.cppan.demo.oberhumer.lzo.lzo;1;0
715;pvt.cppan.demo.oberhumer.lzo.minilzo;1;0
716;pvt.cppan.demo.libarchive;3;0
717;pvt.cppan.demo.libarchive.libarchive;1;0
720;pvt.cppan.demo.arximboldi.immer;1;0
722;pvt.cppan.demo.uscilab.cereal;1;0
724;pvt.cppan.demo.leethomason.micropather;1;0
726;pvt.cppan.demo.codeplea.genann;1;0
728;pvt.cppan.demo.jibsen.parg;1;0
730;pvt.cppan.demo.afterwise.aw_ima;1;0
732;pvt.cppan.demo.mackron.dr_libs;1;0
734;pvt.cppan.demo.johnezang.pithy;1;0
736;pvt.cppan.demo.rxi.microtar;1;0
737;pvt.cppan.demo.fastlz;1;0
738;pvt.cppan.demo.tweetnacl;1;0
740;pvt.cppan.demo.attractivechaos.klib;1;0
742;pvt.cppan.demo.troydhanson.uthash;1;0
744;pvt.cppan.demo.gpakosz.packedarray;1;0
746;pvt.cppan.demo.ccxvii.minilibs;1;0
748;pvt.cppan.demo.danielgibson.snippets;1;0
749;pvt.cppan.demo.chobolabs.chobo_shl;1;0
750;pvt.cppan.demo.gpakosz.whereami;1;0
752;pvt.cppan.demo.cxong.tinydir;1;0
754;pvt.cppan.demo.joeld42.tk_objfile;1;0
756;pvt.cppan.demo.ddiakopoulos.tinyply;1;0
758;pvt.cppan.demo.syoyo.tinyobjloader;1;0
760;pvt.cppan.demo.xelatihy.yocto_gl;1;0
762;pvt.cppan.demo.chriskohlhoff.asio;1;0
764;pvt.cppan.demo.rmartinho.wheels;1;0
766;pvt.cppan.demo.sztomi.rpclib;1;0
769;pvt.cppan.demo.bmaynard.inireader;3;0
770;pvt.cppan.demo.bmaynard.inireader.clib;1;0
771;pvt.cppan.demo.bmaynard.inireader.cpplib;1;0
773;pvt.cppan.demo.freedesktop.pixman;1;0
775;pvt.cppan.demo.cairographics.cairo;1;0
777;pvt.cppan.demo.gnome.glib;3;0
781;pvt.cppan.demo.grigorig.ucdn;1;0
782;pvt.cppan.demo.gnome.glib.glib;1;0
783;pvt.cppan.demo.gnome.glib.gio;1;0
784;pvt.cppan.demo.gnome.glib.gobject;1;0
785;pvt.cppan.demo.gnome.glib.gmodule;1;0
787;pvt.cppan.demo.daniilguit.openbgi;1;0
788;pvt.cppan.demo.winbgi;1;0
790;pvt.cppan.demo.unicode.icu;3;0
795;pvt.cppan.demo.khronos.vulkan;1;0
796;pvt.cppan.demo.glfw;1;0
798;pvt.cppan.demo.kimgr.getopt_port;1;0
799;pvt.cppan.demo.tinycthread;1;0
801;pvt.cppan.demo.datenwolf.linmath;1;0
804;pvt.cppan.demo.wichtounet.etl;1;0
806;pvt.cppan.demo.cameron314.concurrentqueue;1;0
808;pvt.cppan.demo.jnorthrup.patl;1;0
810;pvt.cppan.demo.dav1d.glxw;1;0
812;pvt.cppan.demo.arvidn.libtorrent;1;0
814;pvt.cppan.demo.ipkn.crow;1;0
816;pvt.cppan.demo.nodejs.http_parser;1;0
818;pvt.cppan.demo.cbeck88.visit_struct;1;0
820;pvt.cppan.demo.agauniyal.rang;1;0
826;pvt.cppan.demo.unicode.icu.stub.data;1;0
827;pvt.cppan.demo.unicode.icu.stub.common;1;0
828;pvt.cppan.demo.unicode.icu.stub.i18n;1;0
829;pvt.cppan.demo.unicode.icu.stub.toolutil;1;0
833;pvt.cppan.demo.tobspr.fastdynamiccast;1;0
834;pvt.cppan.demo.unicode.icu.stub.icupkg;2;64
835;pvt.cppan.demo.unicode.icu.stub.pkgdata;2;64
836;pvt.cppan.demo.unicode.icu.common;1;0
837;pvt.cppan.demo.unicode.icu.data;1;0
838;pvt.cppan.demo.unicode.icu.i18n;1;0
839;pvt.cppan.demo.unicode.icu.io;1;0
841;pvt.cppan.demo.philsquared.catch;1;0
843;pvt.cppan.demo.oktal.pistache;1;0
845;pvt.cppan.demo.microsoft.cpprestsdk;1;0
847;pvt.cppan.demo.mgk25.jbig;3;0
848;pvt.cppan.demo.mgk25.jbig.jbig;1;0
849;pvt.cppan.demo.mgk25.jbig.jbig85;1;0
850;pvt.cppan.demo.mgk25.jbig.ar;1;0
852;pvt.cppan.demo.danbloomberg.leptonica;1;0
853;pvt.cppan.demo.google.tesseract;3;0
856;pvt.cppan.demo.wilx.log4cplus;1;0
857;pvt.cppan.demo.wilx.threadpool;1;0
860;pvt.cppan.demo.fosterbrereton.spin_adaptor;1;0
862;pvt.cppan.demo.jamboree.co2;1;0
864;pvt.cppan.demo.zserge.pt;1;0
866;pvt.cppan.demo.jbeder.yaml_cpp;1;0
868;pvt.cppan.demo.behdad.harfbuzz;1;0
870;pvt.cppan.demo.shaovoon.concurrent_permcomb;1;0
871;pvt.cppan.demo.protobuf_c;1;0
889;pvt.cppan.demo.google.tesseract.tessopt;1;0
890;pvt.cppan.demo.google.tesseract.common_training;1;0
891;pvt.cppan.demo.google.tesseract.unicharset_training;1;0
893;pvt.cppan.demo.google.tesseract.ambiguous_words;2;64
894;pvt.cppan.demo.google.tesseract.classifier_tester;2;64
895;pvt.cppan.demo.google.tesseract.combine_tessdata;2;64
896;pvt.cppan.demo.google.tesseract.cntraining;2;64
897;pvt.cppan.demo.google.tesseract.dawg2wordlist;2;64
898;pvt.cppan.demo.google.tesseract.mftraining;2;64
899;pvt.cppan.demo.google.tesseract.shapeclustering;2;64
900;pvt.cppan.demo.google.tesseract.unicharset_extractor;2;64
901;pvt.cppan.demo.google.tesseract.wordlist2dawg;2;64
902;pvt.cppan.demo.google.tesseract.lstmeval;2;64
903;pvt.cppan.demo.google.tesseract.lstmtraining;2;64
904;pvt.cppan.demo.google.tesseract.set_unicharset_properties;2;64
906;pvt.cppan.demo.ptal.expected;1;0
909;pvt.cppan.demo.jpakkane.jpack;3;0
910;pvt.cppan.demo.jpakkane.jpack.libjpack;1;0
911;pvt.cppan.demo.jpakkane.jpack.jpack;2;64
912;pvt.cppan.demo.jpakkane.jpack.junpack;2;64
915;pvt.izaron.ffmpeg;1;0
916;pvt.cppan.demo.ffmpeg;3;0
917;pvt.cppan.demo.ffmpeg.avutil;1;0
918;pvt.cppan.demo.ffmpeg.postproc;1;0
919;pvt.cppan.demo.ffmpeg.swresample;1;0
920;pvt.cppan.demo.ffmpeg.swscale;1;0
921;pvt.cppan.demo.ffmpeg.avresample;1;0
922;pvt.cppan.demo.ffmpeg.avformat;1;0
923;pvt.cppan.demo.ffmpeg.avcodec;1;0
924;pvt.cppan.demo.ffmpeg.avdevice;1;0
925;pvt.cppan.demo.ffmpeg.avfilter;1;0
927;pvt.cppan.demo.goldsborough.lru_cache;1;0
929;pvt.cppan.demo.fosterbrereton.mutexpp;1;0
930;pvt.cppan.demo.ffmpeg.ffmpeg;2;64
932;pvt.cppan.demo.fnc12.sqlite_orm;1;0
934;pvt.cppan.demo.mdadams.jasper;1;0
936;pvt.cppan.demo.vbaderks.charls;1;0
938;pvt.cppan.demo.malaterre.gdcm;3;0
939;pvt.cppan.demo.malaterre.gdcm.gdcm;1;0
940;pvt.cppan.demo.malaterre.gdcm.rle;1;0
941;pvt.cppan.demo.malaterre.gdcm.socketxx;1;0
942;pvt.cppan.demo.malaterre.gdcm.jpeg8;1;0
943;pvt.cppan.demo.malaterre.gdcm.jpeg12;1;0
944;pvt.cppan.demo.malaterre.gdcm.jpeg16;1;0
945;pvt.cppan.demo.json_c;1;0
947;pvt.cppan.demo.alexey_gruzdev.yato;1;0
949;pvt.cppan.demo.cacay.memorypool;3;0
952;pvt.cppan.demo.cacay.memorypool.cpp98;1;0
953;pvt.cppan.demo.cacay.memorypool.cpp11;1;0
954;pvt.cppan.demo.cmake.opengl_ext;1;0
956;pvt.cppan.demo.intel.opencv.calib3d;1;0
957;pvt.cppan.demo.intel.opencv.features2d;1;0
958;pvt.cppan.demo.intel.opencv.flann;1;0
959;pvt.cppan.demo.intel.opencv.highgui;1;0
960;pvt.cppan.demo.intel.opencv.imgcodecs;1;0
961;pvt.cppan.demo.intel.opencv.imgproc;1;0
962;pvt.cppan.demo.intel.opencv.ml;1;0
963;pvt.cppan.demo.intel.opencv.objdetect;1;0
964;pvt.cppan.demo.intel.opencv.photo;1;0
965;pvt.cppan.demo.intel.opencv.shape;1;0
966;pvt.cppan.demo.intel.opencv.superres;1;0
967;pvt.cppan.demo.intel.opencv.video;1;0
968;pvt.cppan.demo.intel.opencv.videoio;1;0
969;pvt.cppan.demo.intel.opencv.videostab;1;0
976;pvt.cppan.demo.hdfgroup.hdf5;3;0
977;pvt.cppan.demo.hdfgroup.hdf5.hdf5;1;0
978;pvt.cppan.demo.hdfgroup.hdf5.hdf5cpp;1;0
979;pvt.cppan.demo.hdfgroup.hdf5.hdf5hl;1;0
980;pvt.cppan.demo.hdfgroup.hdf5.hdf5hlcpp;1;0
981;pvt.cppan.demo.intel.opencv.contrib.text;1;0
982;pvt.cppan.demo.intel.opencv.contrib.aruco;1;0
983;pvt.cppan.demo.intel.opencv.contrib.bioinspired;1;0
984;pvt.cppan.demo.intel.opencv.contrib.bgsegm;1;0
985;pvt.cppan.demo.intel.opencv.contrib.ccalib;1;0
986;pvt.cppan.demo.intel.opencv.contrib.datasets;1;0
987;pvt.cppan.demo.intel.opencv.contrib.dnn;1;0
988;pvt.cppan.demo.intel.opencv.contrib.dpm;1;0
989;pvt.cppan.demo.intel.opencv.contrib.face;1;0
990;pvt.cppan.demo.intel.opencv.contrib.freetype;1;0
991;pvt.cppan.demo.intel.opencv.contrib.fuzzy;1;0
992;pvt.cppan.demo.intel.opencv.contrib.line_descriptor;1;0
993;pvt.cppan.demo.intel.opencv.contrib.optflow;1;0
994;pvt.cppan.demo.intel.opencv.contrib.phase_unwrapping;1;0
995;pvt.cppan.demo.intel.opencv.contrib.plot;1;0
996;pvt.cppan.demo.intel.opencv.contrib.reg;1;0
997;pvt.cppan.demo.intel.opencv.contrib.rgbd;1;0
998;pvt.cppan.demo.intel.opencv.contrib.saliency;1;0
999;pvt.cppan.demo.intel.opencv.contrib.stereo;1;0
1000;pvt.cppan.demo.intel.opencv.contrib.structured_light;1;0
1001;pvt.cppan.demo.intel.opencv.contrib.surface_matching;1;0
1002;pvt.cppan.demo.intel.opencv.contrib.tracking;1;0
1003;pvt.cppan.demo.intel.opencv.contrib.xfeatures2d;1;0
1004;pvt.cppan.demo.intel.opencv.contrib.ximgproc;1;0
1005;pvt.cppan.demo.intel.opencv.contrib.xobjdetect;1;0
1006;pvt.cppan.demo.intel.opencv.contrib.xphoto;1;0
1007;pvt.cppan.demo.intel.opencv.contrib.hdf;1;0
1008;pvt.cppan.demo.intel.opencv.stitching;1;0
1012;pvt.cppan.demo.weltling.winlibs.libffi;1;0
1014;pvt.cppan.demo.tzlaine.yap;1;0
1015;pvt.cppan.demo.freedesktop.fontconfig;3;0
1016;pvt.cppan.demo.freedesktop.fontconfig.fontconfig;1;0
1017;pvt.cppan.demo.gnome.pango;3;0
1018;pvt.cppan.demo.gnome.pango.pango;1;0
1019;pvt.cppan.demo.gnome.pango.pangoft2;1;0
1020;pvt.cppan.demo.gnome.pango.pangocairo;1;0
1021;pvt.cppan.demo.google.tesseract.text2image;2;64
1023;pvt.cppan.demo.shark_ml.remora;1;0
1025;pvt.cppan.demo.morwenn.vergesort;1;0
1027;pvt.cppan.demo.robhz786.stringify;1;0
1028;pvt.cppan.demo.soci;1;0
1030;pvt.cppan.demo.pfultz2.args;1;0
1031;pvt.cppan.demo.pfultz2.prove;1;0
1032;pvt.cppan.demo.pfultz2.fit;1;0
1035;pvt.cppan.demo.jgm.cmark;3;0
1037;pvt.cppan.demo.jgm.cmark.libcmark;1;0
1038;pvt.cppan.demo.jgm.cmark.cmark;2;64
1040;pvt.cppan.demo.orlp.pdqsort;1;0
1042;pvt.cppan.demo.mpark.variant;1;0
1044;pvt.cppan.demo.briankendall.functional_helpers;1;0
1046;pvt.cppan.demo.ryanhaining.cppitertools;1;0
1048;pvt.cppan.demo.jcrada.fuzzylite;1;0
1050;pvt.cppan.demo.pollardbanknote.cppbackport;1;0
1051;pvt.cppan.demo.tinythreadpp;1;0
1055;pvt.cppan.demo.robertramey.safe_numerics;1;0
1057;pvt.cppan.demo.vtnerd.snl;1;0
1060;pvt.cppan.demo.spadix.zbar;1;0
1062;pvt.cppan.demo.lexxmark.winflexbison;3;0
1063;pvt.cppan.demo.lexxmark.winflexbison.common;1;0
1066;pvt.cppan.demo.lexxmark.winflexbison.bison;2;64
1067;pvt.cppan.demo.lexxmark.winflexbison.flex;2;64
1069;pvt.cppan.demo.tahonermann.text_view_range_v3;1;0
1070;pvt.cppan.demo.tahonermann.text_view;1;0
1072;pvt.cppan.demo.caseycarter.cmcstl2;1;0
1073;pvt.cppan.demo.agauniyal.termdb;1;0
1075;pvt.cppan.demo.olmallet81.galgo;1;0
1077;pvt.cppan.demo.ocornut.imgui;1;0
1078;pvt.cppan.demo.stb.all;1;0
1080;pvt.cppan.demo.vurtun.nuklear;1;0
1082;pvt.cppan.demo.andlabs.libui;1;0
1084;pvt.cppan.demo.nanapro.nana;1;0
1086;pvt.cppan.demo.rollbear.trompeloeil;1;0
1088;pvt.cppan.demo.banditcpp.bandit;1;0
1090;pvt.cppan.demo.coruus.keccak_tiny_unrolled;1;0
1092;pvt.cppan.demo.apryor6.splinterp;1;0
1094;pvt.cppan.demo.numscale.boost_simd;1;0
1096;pvt.cppan.demo.fruxo.turbobadger;1;0
1097;pvt.cppan.demo.google.flatbuffers;3;0
1098;pvt.cppan.demo.google.flatbuffers.flatbuffers;1;0
1099;pvt.cppan.demo.google.flatbuffers.flatc;2;64
1100;pvt.divide.libsodium;1;0
1103;pvt.cppan.demo.jedisct1.libsodium;1;0
1105;pvt.cppan.demo.mattmccutchen.bigint;1;0
1107;pvt.cppan.demo.glassechidna.zxing_cpp;1;0
1108;pvt.cppan.demo.intel.tbb;3;0
1109;pvt.cppan.demo.intel.tbb.tbb;1;0
1110;pvt.cppan.demo.intel.tbb.tbbmalloc;1;0
1111;pvt.cppan.demo.intel.tbb.tbbmalloc_proxy;1;0
1114;pvt.cppan.demo.klemens_morgenstern.boost.process;1;0
1116;pvt.cppan.demo.brunocodutra.metal;1;0
1117;pvt.cppan.demo.amazon.aws.sdk.polly;1;0
1118;pvt.cppan.demo.amazon.aws.sdk.text_to_speech;1;0
1119;pvt.cppan.demo.google.tesseract.libtesseract;1;0
1120;pvt.cppan.demo.google.tesseract.tesseract;2;64
1122;pvt.cppan.demo.gnu.termutils.termcap;1;0
1124;pvt.cppan.demo.antirez.linenoise;1;0
1126;pvt.cppan.demo.arangodb.linenoise_ng;1;0
1128;pvt.cppan.demo.yhirose.cpp_linenoise;1;0
1130;pvt.cppan.demo.taocpp.json;1;0
1131;pvt.cppan.demo.taocpp.operators;1;0
1132;pvt.cppan.demo.taocpp.sequences;1;0
1133;pvt.cppan.demo.taocpp.tuple;1;0
1135;pvt.cppan.demo.stevenborisko.biginteger;1;0
1136;pvt.cppan.demo.tessil.ordered_map;1;0
1138;pvt.cppan.demo.skarupke.flat_hash_map;1;0
1140;pvt.cppan.demo.iodcpp.metamap;1;0
1142;pvt.cppan.demo.preshing.turf;1;0
1143;pvt.cppan.demo.preshing.mintomic;1;0
1145;pvt.cppan.demo.jtv.pqxx;1;0
1147;pvt.cppan.demo.no1msd.mstch;1;0
1148;pvt.cppan.client;3;0
1149;pvt.cppan.client.common;1;0
1150;pvt.cppan.client.cppan;2;64
1156;pvt.cppan.demo.khizmax.cds;1;0
1158;pvt.cppan.demo.bisqwit.tinydeflate;1;0
1160;pvt.cppan.demo.a4z.sl3;1;0
1162;pvt.cppan.demo.srombauts.sqlitecpp;1;0
1164;pvt.cppan.demo.aminroosta.sqlite_modern_cpp;1;0
1166;pvt.cppan.demo.iwongu.sqlite3pp;1;0
1168;pvt.egorpugin.primitives;3;0
1169;pvt.egorpugin.primitives.context;1;0
1170;pvt.egorpugin.primitives.date_time;1;0
1171;pvt.egorpugin.primitives.filesystem;1;0
1172;pvt.egorpugin.primitives.http;1;0
1173;pvt.egorpugin.primitives.lock;1;0
1175;pvt.egorpugin.primitives.command;1;0
1176;pvt.egorpugin.primitives.executor;1;0
1177;pvt.egorpugin.primitives.hash;1;0
1178;pvt.egorpugin.primitives.log;1;0
1179;pvt.egorpugin.primitives.pack;1;0
1180;pvt.egorpugin.primitives.string;1;0
1181;pvt.egorpugin.primitives.templates;1;0
1183;pvt.cppan.demo.tomilov.variant;1;0
1184;pvt.cppan.demo.tomilov.insituc;1;0
1185;pvt.cppan.demo.tomilov.quickhull;1;0
1186;pvt.cppan.demo.tomilov.sweepline;1;0
1188;pvt.cppan.demo.pmalakul.threadpool;1;0
1190;pvt.cppan.demo.pybind.pybind11;1;0
1192;pvt.cppan.demo.aappleby.smhasher;3;0
1193;pvt.cppan.demo.aappleby.smhasher.murmurhash3;1;0
1194;pvt.cppan.demo.google.angle;3;0
1195;pvt.cppan.demo.google.angle.egl;1;0
1196;pvt.cppan.demo.google.angle.gles_v2;1;0
1197;pvt.cppan.demo.google.angle.angle;1;0
1198;pvt.cppan.demo.google.angle.common;1;0
1200;pvt.cppan.demo.google.angle.third_party.numerics;1;0
1201;pvt.cppan.demo.google.angle.third_party.compiler;1;0
1202;pvt.cppan.demo.google.angle.third_party.systeminfo;1;0
1203;pvt.cppan.demo.google.angle.third_party.khronos;1;0
1205;pvt.cppan.demo.google.angle.util.image;1;0
1207;pvt.cppan.demo.google.angle.compiler.translator;1;0
1208;pvt.cppan.demo.google.angle.compiler.preprocessor;1;0
1210;pvt.cppan.demo.qtproject.qt;3;0
1236;pvt.cppan.demo.naios.continuable;1;0
1237;pvt.egorpugin.syncqt;2;64
1240;pvt.cppan.demo.qtproject.qt.base.third_party.harfbuzz;1;0
1241;pvt.cppan.demo.qtproject.qt.base.third_party.iaccessible2;1;0
1243;pvt.cppan.demo.qtproject.qt.base.tools.bootstrap;1;0
1244;pvt.cppan.demo.qtproject.qt.base.tools.moc;2;64
1245;pvt.cppan.demo.qtproject.qt.base.tools.rcc;2;64
1246;pvt.cppan.demo.qtproject.qt.base.tools.uic;2;64
1249;pvt.cppan.demo.qtproject.qt.base.core;1;0
1250;pvt.cppan.demo.qtproject.qt.base.gui;1;0
1251;pvt.cppan.demo.qtproject.qt.base.widgets;1;0
1252;pvt.cppan.demo.qtproject.qt.base.winmain;1;0
1255;pvt.cppan.demo.qtproject.qt.base.platformsupport.fontdatabases.basic;1;0
1256;pvt.cppan.demo.qtproject.qt.base.platformsupport.fontdatabases.windows;1;0
1257;pvt.cppan.demo.qtproject.qt.base.platformsupport.eventdispatchers;1;0
1258;pvt.cppan.demo.qtproject.qt.base.platformsupport.themes;1;0
1259;pvt.cppan.demo.qtproject.qt.base.platformsupport.accessibility;1;0
1262;pvt.cppan.demo.qtproject.qt.base.plugins.platforms.windows;1;0
1266;pvt.cppan.demo.open_source_parsers.jsoncpp;1;0
1269;pvt.cppan.demo.kitware.cmake;3;0
1270;pvt.cppan.demo.kitware.cmake.iml;1;0
1271;pvt.cppan.demo.kitware.cmake.sys;1;0
1272;pvt.cppan.demo.kitware.cmake.lib;1;0
1273;pvt.cppan.demo.kitware.cmake.cmake;2;64
1275;pvt.cppan.demo.ned14.outcome;1;0
1277;pvt.cppan.demo.arashpartow.exprtk;1;0
1279;pvt.cppan.demo.codeplea.tinyexpr;1;0
1280;pvt.cppan.demo.libevent;1;0
1283;pvt.cppan.demo.google.gflags;1;0
1284;pvt.cppan.demo.google.glog;1;0
1285;pvt.cppan.demo.google.butteraugli;3;0
1286;pvt.cppan.demo.google.butteraugli.lib;1;0
1287;pvt.cppan.demo.google.guetzli;3;0
1288;pvt.cppan.demo.google.guetzli.lib;1;0
1290;pvt.cppan.demo.compmaniak.typed_flags;1;0
1292;pvt.cppan.demo.gilferraz.cpp_dotnet_standard_library;1;0
1294;pvt.cppan.demo.cyan4973.xxhash;1;0
1296;pvt.cppan.demo.jsnell.parallel_xxhash;1;0
1297;pvt.cppan.demo.vinniefalco.nudb;1;0
1299;pvt.cppan.demo.gpuopen.anvil;1;0
1301;pvt.cppan.demo.aleksey14.rhash;1;0
1303;pvt.cppan.demo.richiesams.fibertaskinglib;1;0
1305;pvt.cppan.demo.jodithetigger.sewing;1;0
1306;pvt.cppan.demo.qtproject.qt.base.xml;1;0
1309;pvt.cppan.demo.qtproject.qt.tools.linguist.formats;1;0
1310;pvt.cppan.demo.qtproject.qt.tools.linguist.convert;2;64
1311;pvt.cppan.demo.qtproject.qt.tools.linguist.release;2;64
1312;pvt.cppan.demo.qtproject.qt.tools.linguist.update;2;64
1313;pvt.cppan.demo.qtproject.qt.tools.linguist.proparser;1;0
1314;pvt.cppan.demo.qtproject.qt.base.network;1;0
1316;pvt.cppan.demo.fytch.programoptions;1;0
1318;pvt.cppan.demo.michaeljwelsh.yannl;1;0
1320;pvt.cppan.demo.eddic.fastcgipp;1;0
1322;pvt.cppan.demo.chardan.exceptional;1;0
1324;pvt.cppan.demo.madler.zlib;1;0
1326;pvt.cppan.demo.alf_p_steinbach.expressive_cpp;1;0
1329;pvt.lzwdgc.polygon4.data_manager;3;0
1330;pvt.lzwdgc.polygon4.data_manager.data_manager;1;0
1331;pvt.lzwdgc.polygon4.data_manager.schema;1;0
1332;pvt.lzwdgc.polygon4.data_manager.generator;2;64
1333;pvt.lzwdgc.polygon4.data_manager.memory;1;0
1335;pvt.cppan.demo.mobius3.tweeny;1;0
1336;pvt.cppan.demo.lexxmark.rsl;1;0
1338;pvt.cppan.demo.qihoo360.evpp;3;0
1339;pvt.cppan.demo.qihoo360.evpp.evpp;1;0
1340;pvt.cppan.demo.qihoo360.evpp.evnsq;1;0
1342;pvt.cppan.demo.miloyip.rapidjson;1;0
1345;pvt.cppan.demo.sobjectizerteam.restinio;1;0
1347;pvt.cppan.demo.rafagago.mini_async_log;1;0
1349;pvt.cppan.demo.enhex.factory;1;0
1350;pvt.egorpugin.primitives.yaml;1;0
1352;pvt.cppan.demo.stryku.ctai;1;0
1354;pvt.cppan.demo.quantstack.xtensor;1;0
1356;pvt.cppan.demo.k_brac.cuti;1;0
1358;pvt.cppan.demo.basiliscos.bredis;1;0
1359;pvt.cppan.demo.apache.xerces;1;0
1360;pvt.cppan.demo.boost.process;1;0
1362;pvt.cppan.demo.sailormoon.stopwatch;1;0
1363;pvt.cppan.demo.gnome.libsigcplusplus;1;0
1364;pvt.cppan.demo.boost.stacktrace;1;0
1366;pvt.cppan.demo.mbed.tls;3;0
1367;pvt.cppan.demo.mbed.tls.crypto;1;0
1368;pvt.cppan.demo.mbed.tls.tls;1;0
1369;pvt.cppan.demo.mbed.tls.x509;1;0
1370;pvt.cppan.demo.tessil.array_hash;1;0
1371;pvt.cppan.demo.tessil.hat_trie;1;0
1373;pvt.cppan.demo.farmersez.tracy;1;0
1374;pvt.cppan.demo.martinmoene.expected_lite;1;0
1377;pvt.cppan.demo.fftw;1;0
1379;pvt.cppan.demo.gerhobbelt.pthread_win32;1;0
1383;pvt.cppan.demo.toshic.libfcgi;1;0
1385;pvt.cppan.demo.demimarie.sliprock;1;0
1387;pvt.cppan.demo.vietjtnguyen.argagg;1;0
1388;pvt.cppan.demo.clap;1;0
1392;pvt.cppan.demo.egladysh.memheap;1;0
1393;pvt.cppan.demo.martinmoene.ring_span_lite;1;0
1395;pvt.cppan.demo.shinesparkio.simdb;1;0
1397;pvt.cppan.demo.izvolov.burst;1;0
1399;pvt.cppan.demo.loopperfect.neither;1;0
1401;pvt.cppan.demo.beark.ftl;1;0
1403;pvt.cppan.demo.nyorain.nytl;1;0
1405;pvt.cppan.demo.springer13.hptt;1;0
1408;pvt.cppan.demo.leohotfn.reuzel;1;0
1409;pvt.cppan.demo.khronos.syclparallelstl;1;0
1411;pvt.cppan.demo.serge_sans_paille.frozen;1;0
1413;pvt.cppan.demo.blazgrom.luabz;1;0
1415;pvt.cppan.demo.alexbav.corsl;1;0
1417;pvt.cppan.demo.pdimov.mp11;1;0
1420;pvt.cppan.demo.jbcoe.polymorphic_value;1;0
1422;pvt.cppan.demo.chadaustin.sajson;1;0
1423;pvt.cppan.demo.qtproject.qt.base.platformsupport.fontdatabases.freetype;1;0
1426;pvt.cppan.demo.llvm_project.llvm;3;0
1429;pvt.cppan.demo.llvm_project.llvm.demangle;1;0
1430;pvt.cppan.demo.llvm_project.llvm.support;1;0
1431;pvt.cppan.demo.llvm_project.llvm.tablegen;1;0
1433;pvt.cppan.demo.superv1234.scelta;1;0
1435;pvt.cppan.demo.cliutils.cli11;1;0
1437;pvt.cppan.demo.llvm_project.llvm.utils.tablegen;2;64
1440;pvt.cppan.demo.llvm_project.llvm.analysis;1;0
1441;pvt.cppan.demo.llvm_project.llvm.asmparser;1;0
1442;pvt.cppan.demo.llvm_project.llvm.asmprinter;1;0
1443;pvt.cppan.demo.llvm_project.llvm.bitreader;1;0
1444;pvt.cppan.demo.llvm_project.llvm.bitwriter;1;0
1445;pvt.cppan.demo.llvm_project.llvm.codegen;1;0
1446;pvt.cppan.demo.llvm_project.llvm.core;1;0
1447;pvt.cppan.demo.llvm_project.llvm.coroutines;1;0
1448;pvt.cppan.demo.llvm_project.llvm.coverage;1;0
1449;pvt.cppan.demo.llvm_project.llvm.executionengine;1;0
1450;pvt.cppan.demo.llvm_project.llvm.globalisel;1;0
1451;pvt.cppan.demo.llvm_project.llvm.instcombine;1;0
1452;pvt.cppan.demo.llvm_project.llvm.instrumentation;1;0
1453;pvt.cppan.demo.llvm_project.llvm.interpreter;1;0
1454;pvt.cppan.demo.llvm_project.llvm.ipo;1;0
1455;pvt.cppan.demo.llvm_project.llvm.irreader;1;0
1456;pvt.cppan.demo.llvm_project.llvm.libdriver;1;0
1457;pvt.cppan.demo.llvm_project.llvm.lineeditor;1;0
1458;pvt.cppan.demo.llvm_project.llvm.linker;1;0
1459;pvt.cppan.demo.llvm_project.llvm.lto;1;0
1460;pvt.cppan.demo.llvm_project.llvm.mcjit;1;0
1461;pvt.cppan.demo.llvm_project.llvm.mirparser;1;0
1462;pvt.cppan.demo.llvm_project.llvm.objcarcopts;1;0
1463;pvt.cppan.demo.llvm_project.llvm.object;1;0
1464;pvt.cppan.demo.llvm_project.llvm.objectyaml;1;0
1465;pvt.cppan.demo.llvm_project.llvm.option;1;0
1466;pvt.cppan.demo.llvm_project.llvm.orcjit;1;0
1467;pvt.cppan.demo.llvm_project.llvm.passes;1;0
1468;pvt.cppan.demo.llvm_project.llvm.profiledata;1;0
1469;pvt.cppan.demo.llvm_project.llvm.runtimedyld;1;0
1470;pvt.cppan.demo.llvm_project.llvm.scalaropts;1;0
1471;pvt.cppan.demo.llvm_project.llvm.selectiondag;1;0
1472;pvt.cppan.demo.llvm_project.llvm.symbolize;1;0
1473;pvt.cppan.demo.llvm_project.llvm.target;1;0
1474;pvt.cppan.demo.llvm_project.llvm.transformutils;1;0
1475;pvt.cppan.demo.llvm_project.llvm.vectorize;1;0
1476;pvt.cppan.demo.llvm_project.llvm.mc.mc;1;0
1477;pvt.cppan.demo.llvm_project.llvm.mc.parser;1;0
1478;pvt.cppan.demo.llvm_project.llvm.mc.disassembler;1;0
1480;pvt.cppan.demo.llvm_project.llvm.debuginfo.dwarf;1;0
1481;pvt.cppan.demo.llvm_project.llvm.debuginfo.msf;1;0
1482;pvt.cppan.demo.llvm_project.llvm.debuginfo.pdb;1;0
1483;pvt.cppan.demo.llvm_project.llvm.debuginfo.codeview;1;0
1485;pvt.cppan.demo.iodcpp.metajson;1;0
1487;pvt.cppan.demo.dw.csvmonkey;1;0
1490;pvt.cppan.demo.jarro2783.cxxopts;1;0
1492;pvt.cppan.demo.vhranger.pcg;1;0
1496;pvt.cppan.demo.andreas_gone_wild.snackis.snackis;1;0
1498;pvt.cppan.demo.glynos.uri;1;0
1501;pvt.cppan.demo.faliagas.clparser;1;0
1503;pvt.cppan.demo.jacquelinekay.petra;1;0
1505;pvt.cppan.demo.artyom_beilis.nowide;1;0
1507;pvt.cppan.demo.stlab.libraries;1;0
1509;pvt.cppan.demo.lefticus.constexpr_all_the_things;1;0
1511;pvt.cppan.demo.ldionne.dyno;1;0
1512;pvt.cppan.demo.boost_experimental.vc;1;0
1514;pvt.cppan.demo.cpp_testing.gunit;1;0
1518;pvt.cppan.demo.ricejasonf.nbdl;1;0
1538;pvt.cppan.demo.zajo.noexcept;1;0
1540;pvt.cppan.demo.davidstone.concurrent_queue;1;0
1543;pvt.cppan.demo.tower120.reactive;1;0
1544;pvt.cppan.demo.alf_p_steinbach.stdlib;1;0
1546;pvt.cppan.demo.george3d6.striga;1;0
1550;pvt.cppan.demo.cylix.redis;1;0
1551;pvt.cppan.demo.libharu;1;0
1553;pvt.cppan.demo.graphicsmagick.magick;1;0
1560;pvt.cppan.demo.emweb.wt;3;0
1561;pvt.cppan.demo.emweb.wt.wt;1;0
1562;pvt.cppan.demo.emweb.wt.http;1;0
1565;pvt.cppan.demo.xi.libyaml;1;0
1568;pvt.cppan.demo.sigmavirus24.libyaml;1;0
1570;pvt.cppan.demo.emweb.wt.dbo.dbo;1;0
1572;pvt.cppan.demo.emweb.wt.dbo.backend.sqlite3;1;0
1581;pvt.ninetainedo.bromeon.aurora;1;0
1582;pvt.ninetainedo.bromeon.thor;1;0
1583;pvt.cppan.demo.qtproject.qt.base.printsupport;1;0
1584;pvt.cppan.demo.qtproject.qt.svg;1;0
1585;pvt.cppan.demo.qtproject.qt.base.third_party.wintab;1;0
1588;pvt.cppan.demo.qtproject.qt.plugins.imageformats.qgif;1;0
1589;pvt.cppan.demo.qtproject.qt.plugins.imageformats.qico;1;0
1590;pvt.cppan.demo.qtproject.qt.plugins.imageformats.qjpeg;1;0
1591;pvt.cppan.demo.mng;1;0
1592;pvt.cppan.demo.qtproject.qt.plugins.imageformats.qdds;1;0
1593;pvt.cppan.demo.qtproject.qt.plugins.imageformats.qicns;1;0
1594;pvt.cppan.demo.qtproject.qt.plugins.imageformats.qmng;1;0
1595;pvt.cppan.demo.qtproject.qt.plugins.imageformats.qtga;1;0
1596;pvt.cppan.demo.qtproject.qt.plugins.imageformats.qwbmp;1;0
1597;pvt.cppan.demo.qtproject.qt.plugins.imageformats.qwebp;1;0
1598;pvt.cppan.demo.qtproject.qt.plugins.imageformats.qtiff;1;0
1600;pvt.cppan.demo.qtproject.qt.plugins.imageformats.qjp2;1;0
1602;pvt.cppan.demo.qtproject.qt.plugins.printsupport.windowsprintersupport;1;0
1606;pvt.cppan.demo.chriskohlhoff.networking_ts_impl;1;0
1608;pvt.cppan.demo.imageworks.pystring;1;0
1610;pvt.cppan.demo.ybubnov.bencode;1;0
1612;pvt.cppan.demo.bloomen.transwarp;1;0
1613;pvt.cppan.demo.ned14.ntkernel_error_category;1;0
1615;pvt.cppan.demo.freeeaky.fiber_job_system;1;0
1618;pvt.cppan.demo.schuyler.levenshtein;1;0
1620;pvt.cppan.demo.open_mpi.hwloc;1;0
1622;pvt.cppan.demo.stellar_group.hpx;3;0
1623;pvt.cppan.demo.stellar_group.hpx.hpx;1;0
1628;pvt.cppan.demo.stellar_group.hpx.components.process;1;0
1629;pvt.cppan.demo.stellar_group.hpx.components.storage;1;0
1630;pvt.cppan.demo.stellar_group.hpx.components.memory;1;0
1631;pvt.cppan.demo.stellar_group.hpx.components.iostreams;1;0
1633;pvt.cppan.demo.stellar_group.hpx.components.containers.unordered;1;0
1634;pvt.cppan.demo.stellar_group.hpx.components.containers.partitioned_vector;1;0
1635;pvt.cppan.demo.stellar_group.hpx.plugins.parcel.coalescing;1;0
1636;pvt.cppan.demo.stellar_group.hpx.plugins.binary_filter.bzip2;1;0
1637;pvt.cppan.demo.stellar_group.hpx.plugins.binary_filter.snappy;1;0
1638;pvt.cppan.demo.stellar_group.hpx.plugins.binary_filter.zlib;1;0
1640;pvt.cppan.demo.preshing.junction;1;0
1641;pvt.cppan.demo.google.tesseract.combine_lang_model;2;64
1643;pvt.cppan.demo.zolo.cxxprops;1;0
1645;pvt.cppan.demo.eranpeer.fakeit;1;0
1646;pvt.cppan.demo.martinmoene.lest;1;0
1648;pvt.cppan.demo.lexicalunit.nanodbc;1;0
1650;pvt.cppan.demo.taywee.args;1;0
1653;pvt.cppan.demo.macbishop.tclap;1;0
1655;pvt.cppan.demo.eidheim.tiny_process_library;1;0
1656;pvt.cppan.demo.boost.poly_collection;1;0
1658;pvt.cppan.demo.tiny_dnn.tiny_dnn;1;0
1659;pvt.cppan.demo.intel.opencv.dnn;1;0
1661;pvt.cppan.demo.ibob.dynamix;1;0
1663;pvt.cppan.demo.lewissbaker.cppcoro;1;0
1664;pvt.cppan.demo.loopperfect.rxterm;1;0
1665;pvt.cppan.demo.tessil.robin_map;1;0
1667;pvt.cppan.demo.ninja_build.ninja;2;64
1670;pvt.cppan.demo.cesanta.mongoose;1;0
1672;pvt.cppan.demo.lexborisov.myhtml;1;0
1673;pvt.cppan.demo.lexborisov.mycss;1;0
1674;pvt.uaen.ucc;1;0
1678;pvt.cppan.demo.eliasdaler.metastuff;1;0
1680;pvt.cppan.demo.hdembinski.stateful_pointer;1;0
1682;pvt.cppan.demo.effolkronium.random;1;0
1683;pvt.cppan.demo.tessil.sparse_map;1;0
1685;pvt.cppan.demo.ziacko.tinyshaders;1;0
1686;pvt.cppan.demo.wichtounet.dll;1;0
1688;pvt.cppan.demo.francoischabot.abulafia;1;0
1690;pvt.cppan.demo.skeeto.branchless_utf8;1;0
1693;pvt.cppan.demo.ababo.syncer;1;0
1695;pvt.cppan.demo.fraillt.bitsery;1;0
1696;pvt.cppan.demo.morwenn.tight_pair;1;0
1698;pvt.cppan.demo.evilsocket.librestd;1;0
1700;pvt.cppan.demo.copperspice.cs_string;1;0
1702;pvt.cppan.demo.tartanllama.optional;1;0
1706;pvt.cppan.demo.blackmatov.kari;1;0
1708;pvt.cppan.demo.tower120.syncedchunkedarray;1;0
1710;pvt.cppan.demo.kerukuro.digestpp;1;0
1712;pvt.cppan.demo.tuxalin.safeenum;1;0
1713;pvt.cppan.demo.rbock.named_tuple;1;0
1715;pvt.cppan.demo.quanteeks.randlib;1;0
1717;pvt.cppan.demo.catchorg.catch2;1;0
1719;pvt.cppan.demo.bluescarni.mppp;1;0
1721;pvt.cppan.demo.muellan.clipp;1;0
1722;pvt.arisecorp.airead;3;0
1723;pvt.egorpugin.primitives.minidump;1;0
1725;pvt.cppan.demo.giovannidicanio.winreg;1;0
1727;pvt.cppan.demo.akrzemi1.markable;1;0
1729;pvt.cppan.demo.zeux.pugixml;1;0
1731;pvt.biocomp.apolukhin.magic_get;1;0
1732;pvt.cppan.demo.boost.beast;1;0
1734;pvt.cppan.demo.boost.mp11;1;0
1735;pvt.cppan.demo.boost.callable_traits;1;0
1737;pvt.cppan.demo.gnu.gmp;3;0
1738;pvt.cppan.demo.gnu.gmp.lib;1;0
1739;pvt.cppan.demo.gnu.gmp.mini;1;0
1740;pvt.cppan.demo.gnu.gmp.cxx;1;0
1741;pvt.cppan.demo.gnu.mpfr;1;0
1742;pvt.cppan.demo.gnu.mpc;1;0
1747;pvt.cppan.demo.tuxalin.thst;1;0
1749;pvt.cppan.demo.arun11299.jwt;1;0
1751;pvt.cppan.demo.unicode.icu.stub.genccode;2;64
1752;pvt.cppan.demo.gnu.gperf;2;64
1754;pvt.cppan.demo.telegram.td;3;0
1755;pvt.cppan.demo.telegram.td.utils;1;0
1756;pvt.cppan.demo.telegram.td.actor;1;0
1757;pvt.cppan.demo.telegram.td.db;1;0
1758;pvt.cppan.demo.telegram.td.net;1;0
1759;pvt.cppan.demo.telegram.td.tl;1;0
1761;pvt.cppan.demo.telegram.td.generate.json;2;64
1763;pvt.cppan.demo.telegram.td.generate.common;2;64
1764;pvt.cppan.demo.telegram.td.generate.clib;2;64
1765;pvt.cppan.demo.telegram.td.core;1;0
1766;pvt.cppan.demo.telegram.td.client;1;0
1767;pvt.cppan.demo.telegram.td.clib;1;0
1768;pvt.cppan.demo.telegram.td.json;1;0
1770;pvt.cppan.demo.telegram.td.private.json;1;0
1771;pvt.cppan.demo.telegram.td.memprof;1;0
1772;pvt.cppan.demo.telegram.td.cli;2;64
1774;pvt.cppan.demo.amokhuginnsson.replxx;1;0
1777;pvt.cppan.demo.egladysh.metamath;1;0
1778;pvt.cppan.demo.badger.curl.curl;1;0
1780;pvt.cppan.demo.mapbox.variant;1;0
1781;pvt.cppan.demo.madler.minizip;1;0
1783;pvt.cppan.demo.grishka.libtgvoip;1;0
1784;pvt.cppan.demo.xiph.opus;1;0
1786;pvt.cppan.demo.whoshuu.cpr;1;0
1787;pvt.cppan.demo.naios.function2;1;0
1789;pvt.cppan.demo.fgoujeon.multifunction;1;0
1791;pvt.cppan.demo.grisumbras.enum_flags;1;0
1793;pvt.cppan.demo.gnu.fribidi;3;0
1794;pvt.cppan.demo.gnu.fribidi.fribidi;1;0
1796;pvt.cppan.demo.leethomason.tinyxml2;1;0
1798;pvt.cppan.demo.rokups.zinc;1;0
1799;pvt.cppan.demo.cameron314.readerwriterqueue;1;0
1800;pvt.egorpugin.primitives.cron;1;0
1802;pvt.cppan.demo.mikhailberis.memcachepp;1;0
1803;pvt.cppan.demo.taocpp.pegtl;1;0
1805;pvt.cppan.demo.easz.cpp_semver;1;0
1806;pvt.cppan.demo.bearssl;1;0
1808;pvt.cppan.demo.randombit.botan;1;0
1810;pvt.cppan.demo.rttrorg.rttr;1;0
1812;pvt.cppan.demo.jaredhoberock.future;1;0
1814;pvt.cppan.demo.tartanllama.expected;1;0
1815;pvt.cppan.demo.google.grpc.alts_frame_protector;1;0
1816;pvt.cppan.demo.google.grpc.alts_proto;1;0
1817;pvt.cppan.demo.google.grpc.alts_util;1;0
1818;pvt.cppan.demo.google.grpc.atomic;1;0
1819;pvt.cppan.demo.google.grpc.census;1;0
1820;pvt.cppan.demo.google.grpc.debug_location;1;0
1824;pvt.cppan.demo.google.grpc.examples.cpp.helloworld.client;2;64
1825;pvt.cppan.demo.google.grpc.examples.cpp.helloworld.proto;1;0
1826;pvt.cppan.demo.google.grpc.examples.cpp.helloworld.server;2;64
1827;pvt.cppan.demo.google.grpc.gpr_base;1;0
1828;pvt.cppan.demo.google.grpc.gpr_codegen;1;0
1829;pvt.cppan.demo.google.grpc.grpc_base;1;0
1830;pvt.cppan.demo.google.grpc.grpc_base_c;1;0
1831;pvt.cppan.demo.google.grpc.grpc_client_channel;1;0
1832;pvt.cppan.demo.google.grpc.grpc_codegen;1;0
1833;pvt.cppan.demo.google.grpc.grpc_common;1;0
1834;pvt.cppan.demo.google.grpc.grpc_deadline_filter;1;0
1835;pvt.cppan.demo.google.grpc.grpc_http_filters;1;0
1836;pvt.cppan.demo.google.grpc.grpc_lb_policy_grpclb;1;0
1837;pvt.cppan.demo.google.grpc.grpc_lb_policy_grpclb_secure;1;0
1838;pvt.cppan.demo.google.grpc.grpc_lb_policy_pick_first;1;0
1839;pvt.cppan.demo.google.grpc.grpc_lb_policy_round_robin;1;0
1840;pvt.cppan.demo.google.grpc.grpc_lb_subchannel_list;1;0
1841;pvt.cppan.demo.google.grpc.grpc_max_age_filter;1;0
1842;pvt.cppan.demo.google.grpc.grpc_message_size_filter;1;0
1843;pvt.cppan.demo.google.grpc.grpc_php_plugin;2;64
1844;pvt.cppan.demo.google.grpc.grpc_resolver_dns_ares;1;0
1845;pvt.cppan.demo.google.grpc.grpc_resolver_dns_native;1;0
1846;pvt.cppan.demo.google.grpc.grpc_resolver_fake;1;0
1847;pvt.cppan.demo.google.grpc.grpc_resolver_sockaddr;1;0
1848;pvt.cppan.demo.google.grpc.grpc_secure;1;0
1849;pvt.cppan.demo.google.grpc.grpc_server_backward_compatibility;1;0
1850;pvt.cppan.demo.google.grpc.grpc_server_load_reporting;1;0
1851;pvt.cppan.demo.google.grpc.grpc_trace;1;0
1852;pvt.cppan.demo.google.grpc.grpc_transport_chttp2;1;0
1853;pvt.cppan.demo.google.grpc.grpc_transport_chttp2_alpn;1;0
1854;pvt.cppan.demo.google.grpc.grpc_transport_chttp2_client_connector;1;0
1855;pvt.cppan.demo.google.grpc.grpc_transport_chttp2_client_insecure;1;0
1856;pvt.cppan.demo.google.grpc.grpc_transport_chttp2_client_secure;1;0
1857;pvt.cppan.demo.google.grpc.grpc_transport_chttp2_server;1;0
1858;pvt.cppan.demo.google.grpc.grpc_transport_chttp2_server_insecure;1;0
1859;pvt.cppan.demo.google.grpc.grpc_transport_chttp2_server_secure;1;0
1860;pvt.cppan.demo.google.grpc.grpc_transport_inproc;1;0
1861;pvt.cppan.demo.google.grpc.grpc_workaround_cronet_compression_filter;1;0
1862;pvt.cppan.demo.google.grpc.grpcpp_base;1;0
1863;pvt.cppan.demo.google.grpc.grpcpp_base_unsecure;1;0
1864;pvt.cppan.demo.google.grpc.grpcpp_codegen_base;1;0
1865;pvt.cppan.demo.google.grpc.grpcpp_codegen_base_src;1;0
1866;pvt.cppan.demo.google.grpc.grpcpp_codegen_proto;1;0
1867;pvt.cppan.demo.google.grpc.grpcpp_config_proto;1;0
1868;pvt.cppan.demo.google.grpc.inlined_vector;1;0
1869;pvt.cppan.demo.google.grpc.orphanable;1;0
1870;pvt.cppan.demo.google.grpc.ref_counted;1;0
1871;pvt.cppan.demo.google.grpc.ref_counted_ptr;1;0
1873;pvt.cppan.demo.google.grpc.third_party.nanopb;1;0
1874;pvt.cppan.demo.google.grpc.tsi;1;0
1875;pvt.cppan.demo.google.grpc.tsi_interface;1;0
1876;pvt.egorpugin.primitives.win32helpers;1;0
1878;pvt.cppan.demo.reo7sp.tgbot;1;0
1880;pvt.cppan.demo.erikvalkering.smartref;1;0
1882;pvt.egorpugin.primitives.db.common;1;0
1883;pvt.egorpugin.primitives.db.postgresql;1;0
1884;pvt.egorpugin.primitives.db.sqlite3;1;0
1890;pvt.cppan.demo.catchorg.clara;1;0
1898;pvt.cppan.demo.libgit2;1;0
1900;pvt.cppan.demo.kmorel.uselatex;1;0
1902;pvt.simonflueckiger.tesseract;3;0
1903;pvt.simonflueckiger.tesseract.libtesseract;1;0
1904;pvt.simonflueckiger.tesseract.ambiguous_words;2;64
1905;pvt.simonflueckiger.tesseract.classifier_tester;2;64
1906;pvt.simonflueckiger.tesseract.cntraining;2;64
1907;pvt.simonflueckiger.tesseract.combine_lang_model;2;64
1908;pvt.simonflueckiger.tesseract.combine_tessdata;2;64
1909;pvt.simonflueckiger.tesseract.common_training;1;0
1910;pvt.simonflueckiger.tesseract.dawg2wordlist;2;64
1911;pvt.simonflueckiger.tesseract.lstmeval;2;64
1912;pvt.simonflueckiger.tesseract.lstmtraining;2;64
1913;pvt.simonflueckiger.tesseract.mftraining;2;64
1914;pvt.simonflueckiger.tesseract.set_unicharset_properties;2;64
1915;pvt.simonflueckiger.tesseract.shapeclustering;2;64
1916;pvt.simonflueckiger.tesseract.tesseract;2;64
1917;pvt.simonflueckiger.tesseract.tessopt;1;0
1918;pvt.simonflueckiger.tesseract.text2image;2;64
1919;pvt.simonflueckiger.tesseract.unicharset_extractor;2;64
1920;pvt.simonflueckiger.tesseract.unicharset_training;1;0
1921;pvt.simonflueckiger.tesseract.wordlist2dawg;2;64
1923;pvt.cppan.demo.matt_42.moustique;1;0
1924;pvt.cppan.demo.boost_experimental.te;1;0
1926;pvt.cppan.demo.apriorit.mhook;1;0
1928;pvt.cppan.demo.dwarfobserver.aggregatestotuples;1;0
1930;pvt.cppan.demo.calebzulawski.cotila;1;0
1932;pvt.cppan.demo.quantstack.xframe;1;0
1934;pvt.cppan.demo.louisdx.prettyprint;1;0
1935;pvt.cppan.demo.boost.contract;1;0
1936;pvt.cppan.demo.boost.hof;1;0
1937;pvt.cppan.demo.boost.container_hash;1;0
1939;pvt.cppan.demo.karkason.cppystruct;1;0
1940;pvt.cppan.demo.google.grpc.grpc_client_authority_filter;1;0
1942;pvt.cppan.demo.seqan.seqan;1;0
1943;pvt.cppan.demo.google.crc32c;1;0
1944;pvt.cppan.demo.google.leveldb;1;0
1946;pvt.cppan.demo.eyalz800.serializer;1;0
1948;pvt.cppan.demo.gvaliente.catch_mini;1;0
1950;pvt.cppan.demo.efficient.surf;1;0
1952;pvt.cppan.demo.ltjax.file_monitor;1;0
1954;pvt.cppan.demo.thomasmonkman.filewatch;1;0
1957;pvt.cppan.demo.emcrisostomo.fswatch;3;0
1958;pvt.cppan.demo.emcrisostomo.fswatch.fswatch;2;64
1959;pvt.cppan.demo.emcrisostomo.fswatch.lib;1;0
1960;pvt.cppan.demo.webmproject;3;0
1961;pvt.cppan.demo.webmproject.webp;1;0
1962;pvt.cppan.demo.martinmoene.span_lite;1;0
1964;pvt.cppan.demo.im95able.rea;1;0
1967;pvt.cppan.demo.tzlaine.text;1;0
1969;pvt.cppan.demo.manu343726.tinyrefl;1;0
1970;pvt.egorpugin.primitives.embedder;2;64
1971;pvt.damitha_lenadora.morficonvert;1;0
1973;pvt.cppan.demo.wqking.eventpp;1;0
1975;pvt.cppan.demo.vpiotr.decimal_for_cpp;1;0
1977;pvt.cppan.demo.tdv.nanorpc;1;0
1978;pvt.egorpugin.process;1;0
1979;pvt.cppan.demo.qtproject.qt.base.platformsupport.windowsuiautomation;1;0
1982;pvt.cppan.demo.qtproject.qt.base.plugins.styles.windowsvista;1;0
1983;pvt.egorpugin.primitives.version;1;0
1985;pvt.cppan.demo.tcbrindle.nanorange;1;0
1986;pvt.cppan.demo.openalpr;3;0
1987;pvt.cppan.demo.openalpr.alpr;2;64
1988;pvt.cppan.demo.openalpr.openalpr;1;0
1989;pvt.cppan.demo.openalpr.statedetection;1;0
1990;pvt.cppan.demo.openalpr.video;1;0
1992;pvt.cppan.demo.quantstack.xtl;1;0
1994;pvt.cppan.demo.cpp_taskflow.cpp_taskflow;1;0
1998;pvt.cppan.demo.symisc.sod;1;0
2000;pvt.cppan.demo.vincentlaucsb.csv_parser;1;0
2002;pvt.cppan.demo.jmcnamara.libxlsxwriter;1;0
2004;pvt.cppan.demo.petersommerlad.reverseadapter;1;0
2006;pvt.cppan.demo.skystrife.cpptoml;1;0
2008;pvt.cppan.demo.toruniina.tomlparser;1;0
2010;pvt.cppan.demo.mayah.tinytoml;1;0
2012;pvt.cppan.demo.egorpugin.tgbot;1;0
2013;pvt.cppan.demo.gl3w;1;0
2015;pvt.cppan.demo.dead2.zlib_ng;1;0
2017;pvt.cppan.demo.chromium.libyuv;3;0
2018;pvt.cppan.demo.chromium.libyuv.libyuv;1;0
2020;pvt.cppan.demo.qtproject.qt.winextras;1;0
2021;pvt.cppan.demo.yasm;3;0
2022;pvt.cppan.demo.yasm.libyasm;1;0
2023;pvt.cppan.demo.yasm.yasm;2;64
2026;pvt.cppan.demo.yasm.modules.arch.lc3b;1;0
2027;pvt.cppan.demo.yasm.modules.arch.x86;1;0
2029;pvt.cppan.demo.yasm.modules.dbgfmts.codeview;1;0
2030;pvt.cppan.demo.yasm.modules.dbgfmts.dwarf2;1;0
2031;pvt.cppan.demo.yasm.modules.dbgfmts.null;1;0
2032;pvt.cppan.demo.yasm.modules.dbgfmts.stabs;1;0
2034;pvt.cppan.demo.yasm.modules.listfmts.nasm;1;0
2036;pvt.cppan.demo.yasm.modules.objfmts.bin;1;0
2037;pvt.cppan.demo.yasm.modules.objfmts.coff;1;0
2038;pvt.cppan.demo.yasm.modules.objfmts.dbg;1;0
2039;pvt.cppan.demo.yasm.modules.objfmts.elf;1;0
2040;pvt.cppan.demo.yasm.modules.objfmts.macho;1;0
2041;pvt.cppan.demo.yasm.modules.objfmts.rdf;1;0
2042;pvt.cppan.demo.yasm.modules.objfmts.xdf;1;0
2044;pvt.cppan.demo.yasm.modules.parsers.gas;1;0
2045;pvt.cppan.demo.yasm.modules.parsers.nasm;1;0
2047;pvt.cppan.demo.yasm.modules.preprocs.cpp;1;0
2048;pvt.cppan.demo.yasm.modules.preprocs.gas;1;0
2049;pvt.cppan.demo.yasm.modules.preprocs.nasm;1;0
2050;pvt.cppan.demo.yasm.modules.preprocs.raw;1;0
2052;pvt.cppan.demo.yasm.tools.genmacro;2;64
2054;pvt.cppan.demo.yasm.tools.genversion;2;64
